node_id,role,source
J4,flooding_performance_target,pystorms_beta_config
J8,flooding_performance_target,pystorms_beta_config
J13,flooding_performance_target,pystorms_beta_config
J33,flooding_performance_target,pystorms_beta_config
J53,flooding_performance_target,pystorms_beta_config
J54,flooding_performance_target,pystorms_beta_config
J64,flooding_performance_target,pystorms_beta_config
J65,flooding_performance_target,pystorms_beta_config
J98,flooding_performance_target,pystorms_beta_config
J102,flooding_performance_target,pystorms_beta_config
J145,flooding_performance_target,pystorms_beta_config
J146,flooding_performance_target,pystorms_beta_config
