event_id,rainfall_path,rainfall_sha256,status,return_period_year,duration_min,peak_pattern,generated_by,created_at
T5_D60_chicago_early,E:\RTC_sewer\Project6\data\rainfall_library\T5_D60_chicago_early.csv,b2d693fca1fe30e6ca432040cdb4f197c727d2dfa94f2d6bf561c7a11170f692,available,5,60,chicago_early,scripts/203_build_formal_rainfall_assets.py,2026-07-21T19:03:29.500105+00:00
T5_D60_chicago_center,E:\RTC_sewer\Project6\data\rainfall_library\T5_D60_chicago_center.csv,0873e75980d5c51cd9664c2bcb15f6d1161efcda63f076330237b7654772a4ec,available,5,60,chicago_center,scripts/203_build_formal_rainfall_assets.py,2026-07-21T19:03:29.500105+00:00
T5_D60_chicago_late,E:\RTC_sewer\Project6\data\rainfall_library\T5_D60_chicago_late.csv,280e08ca083c9faa93a9f06adca8dc92d49180891dc78719d73c715b437697d9,available,5,60,chicago_late,scripts/203_build_formal_rainfall_assets.py,2026-07-21T19:03:29.500105+00:00
T5_D180_chicago_early,E:\RTC_sewer\Project6\data\rainfall_library\T5_D180_chicago_early.csv,6c0b32f56a510b1ee644b184023e11a4c031ceb5171ab2ddbdabe2d168eea0b7,available,5,180,chicago_early,scripts/203_build_formal_rainfall_assets.py,2026-07-21T19:03:29.500105+00:00
T5_D180_chicago_center,E:\RTC_sewer\Project6\data\rainfall_library\T5_D180_chicago_center.csv,af948c4062b794c43c6da7095b25c120d6747f57f6807365d1dd091c8736dccb,available,5,180,chicago_center,scripts/203_build_formal_rainfall_assets.py,2026-07-21T19:03:29.500105+00:00
T5_D180_chicago_late,E:\RTC_sewer\Project6\data\rainfall_library\T5_D180_chicago_late.csv,fad5f98d28ad4103eceb6535ed25a8a19dffd997b6e2f75ba34f61ab27082501,available,5,180,chicago_late,scripts/203_build_formal_rainfall_assets.py,2026-07-21T19:03:29.500105+00:00
T5_D300_chicago_early,E:\RTC_sewer\Project6\data\rainfall_library\T5_D300_chicago_early.csv,ad60ec9cb472a7d0f7aaac184be71e418fd5a497e1c8be120026e3a9e26b55f6,available,5,300,chicago_early,scripts/203_build_formal_rainfall_assets.py,2026-07-21T19:03:29.510802+00:00
T5_D300_chicago_center,E:\RTC_sewer\Project6\data\rainfall_library\T5_D300_chicago_center.csv,21a57a68f2a9b8debda0a52e45ef86ffcf5c5226b1902f5b22b8f10f6ec5956a,available,5,300,chicago_center,scripts/203_build_formal_rainfall_assets.py,2026-07-21T19:03:29.510802+00:00
T5_D300_chicago_late,E:\RTC_sewer\Project6\data\rainfall_library\T5_D300_chicago_late.csv,4d3cf5fecf8a85b89241b8735d1eafb4194563046e97825f226662b62b1c62e9,available,5,300,chicago_late,scripts/203_build_formal_rainfall_assets.py,2026-07-21T19:03:29.510802+00:00
T10_D60_chicago_early,E:\RTC_sewer\Project6\data\rainfall_library\T10_D60_chicago_early.csv,e05b3cb0535dedf7225638b9a08e8d29ea43b5d66eec9ad3594e1df55757a5b3,available,10,60,chicago_early,scripts/203_build_formal_rainfall_assets.py,2026-07-21T19:03:29.510802+00:00
T10_D60_chicago_center,E:\RTC_sewer\Project6\data\rainfall_library\T10_D60_chicago_center.csv,7f844564618233f6008f901ff8036728d45f95556acce969be5d55aeb0eae3dc,available,10,60,chicago_center,scripts/203_build_formal_rainfall_assets.py,2026-07-21T19:03:29.514464+00:00
T10_D60_chicago_late,E:\RTC_sewer\Project6\data\rainfall_library\T10_D60_chicago_late.csv,a8e4355b6f64ce71cdcb048f6d4368816ce69249ee25e7b231cc49e4346085ae,available,10,60,chicago_late,scripts/203_build_formal_rainfall_assets.py,2026-07-21T19:03:29.514464+00:00
T10_D180_chicago_early,E:\RTC_sewer\Project6\data\rainfall_library\T10_D180_chicago_early.csv,ce10283b74c00b8e15c55e0aaff24f835630ca426903c83dc2dd6be969bd9a5b,available,10,180,chicago_early,scripts/203_build_formal_rainfall_assets.py,2026-07-21T19:03:29.514464+00:00
T10_D180_chicago_center,E:\RTC_sewer\Project6\data\rainfall_library\T10_D180_chicago_center.csv,c78116aff690422595485c3f9c0db226907e4f90b239b1f0ae799b672a61b738,available,10,180,chicago_center,scripts/203_build_formal_rainfall_assets.py,2026-07-21T19:03:29.514464+00:00
T10_D180_chicago_late,E:\RTC_sewer\Project6\data\rainfall_library\T10_D180_chicago_late.csv,8ed8b7cd438c69ae80e02e4efbd652a63c51c22c1b480194bfbcc5dd56543508,available,10,180,chicago_late,scripts/203_build_formal_rainfall_assets.py,2026-07-21T19:03:29.514464+00:00
T10_D300_chicago_early,E:\RTC_sewer\Project6\data\rainfall_library\T10_D300_chicago_early.csv,b52f0b4764a34c4df7ae49345f0513c0997eceb51fa351136d31c5f16e0f9756,available,10,300,chicago_early,scripts/203_build_formal_rainfall_assets.py,2026-07-21T19:03:29.514464+00:00
T10_D300_chicago_center,E:\RTC_sewer\Project6\data\rainfall_library\T10_D300_chicago_center.csv,3d961fc3cee6d2bd9133bae4bcd364606d23f9077563601e2f48177cc0dd7c93,available,10,300,chicago_center,scripts/203_build_formal_rainfall_assets.py,2026-07-21T19:03:29.514464+00:00
T10_D300_chicago_late,E:\RTC_sewer\Project6\data\rainfall_library\T10_D300_chicago_late.csv,c7bc92760d1123dd7cba15b6429f1896fea323b0f817122f58ede4df42774de8,available,10,300,chicago_late,scripts/203_build_formal_rainfall_assets.py,2026-07-21T19:03:29.514464+00:00
T20_D60_chicago_early,E:\RTC_sewer\Project6\data\rainfall_library\T20_D60_chicago_early.csv,42235844a07190fd23d8b39e3c67f9439cd36ad636e8d9b155bdaa33f736d0e3,available,20,60,chicago_early,scripts/203_build_formal_rainfall_assets.py,2026-07-21T19:03:29.514464+00:00
T20_D60_chicago_center,E:\RTC_sewer\Project6\data\rainfall_library\T20_D60_chicago_center.csv,99f387607a60a27b97262c8997a4f12c5fbc20f78d1eb9d406d32ff57fa31273,available,20,60,chicago_center,scripts/203_build_formal_rainfall_assets.py,2026-07-21T19:03:29.514464+00:00
T20_D60_chicago_late,E:\RTC_sewer\Project6\data\rainfall_library\T20_D60_chicago_late.csv,a3210ee0e1a53528f04bd1e8795daf2bda6623f2fd0c81466c00f7b59d8a31e2,available,20,60,chicago_late,scripts/203_build_formal_rainfall_assets.py,2026-07-21T19:03:29.514464+00:00
T20_D180_chicago_early,E:\RTC_sewer\Project6\data\rainfall_library\T20_D180_chicago_early.csv,f79a4582a34ca969035a14dcfcac206b1313c996fd196a267f02917f1ed4fdbd,available,20,180,chicago_early,scripts/203_build_formal_rainfall_assets.py,2026-07-21T19:03:29.514464+00:00
T20_D180_chicago_center,E:\RTC_sewer\Project6\data\rainfall_library\T20_D180_chicago_center.csv,a4b5f45dd06e14f0f71628ddc285edf8ad6e82a89e36194625c069639717013b,available,20,180,chicago_center,scripts/203_build_formal_rainfall_assets.py,2026-07-21T19:03:29.514464+00:00
T20_D180_chicago_late,E:\RTC_sewer\Project6\data\rainfall_library\T20_D180_chicago_late.csv,712cfef4904fb3ffb4e05057ca3c9d73db72856ea557cec993457d281643f809,available,20,180,chicago_late,scripts/203_build_formal_rainfall_assets.py,2026-07-21T19:03:29.514464+00:00
T20_D300_chicago_early,E:\RTC_sewer\Project6\data\rainfall_library\T20_D300_chicago_early.csv,91185d3fe71f9eba2463ca72192b74238c0fc63203a0260e388a573f69f37114,available,20,300,chicago_early,scripts/203_build_formal_rainfall_assets.py,2026-07-21T19:03:29.514464+00:00
T20_D300_chicago_center,E:\RTC_sewer\Project6\data\rainfall_library\T20_D300_chicago_center.csv,8e3d732aa462d91ce4673f3f1800300fc2084dad92946e5ccc4a47b5230cd21d,available,20,300,chicago_center,scripts/203_build_formal_rainfall_assets.py,2026-07-21T19:03:29.514464+00:00
T20_D300_chicago_late,E:\RTC_sewer\Project6\data\rainfall_library\T20_D300_chicago_late.csv,5a62e9cce0c6c5b1ba7460a981eddfe39994532ddd8bea318781f40a6e31fa1f,available,20,300,chicago_late,scripts/203_build_formal_rainfall_assets.py,2026-07-21T19:03:29.530120+00:00
T50_D60_chicago_early,E:\RTC_sewer\Project6\data\rainfall_library\T50_D60_chicago_early.csv,018dd4a730561fa562455d628d82175287f638614834f7ce0d8ddb9f9ce5a4fb,available,50,60,chicago_early,scripts/203_build_formal_rainfall_assets.py,2026-07-21T19:03:29.530120+00:00
T50_D60_chicago_center,E:\RTC_sewer\Project6\data\rainfall_library\T50_D60_chicago_center.csv,621d74028810078247b11adbefce5f18016896117de6c4e69bd5b51bbb1e80eb,available,50,60,chicago_center,scripts/203_build_formal_rainfall_assets.py,2026-07-21T19:03:29.530120+00:00
T50_D60_chicago_late,E:\RTC_sewer\Project6\data\rainfall_library\T50_D60_chicago_late.csv,eb586f4bc6fe6ad0db8ce7a582cd2c602f5992355ee4903f1a634b98161a9dcc,available,50,60,chicago_late,scripts/203_build_formal_rainfall_assets.py,2026-07-21T19:03:29.530120+00:00
T50_D180_chicago_early,E:\RTC_sewer\Project6\data\rainfall_library\T50_D180_chicago_early.csv,8235089a0e7da7df1ffc3a5d73199048cb9dca4fbacf436a30a60ab051aebc25,available,50,180,chicago_early,scripts/203_build_formal_rainfall_assets.py,2026-07-21T19:03:29.530120+00:00
T50_D180_chicago_center,E:\RTC_sewer\Project6\data\rainfall_library\T50_D180_chicago_center.csv,47071178c669425c0065fe3ecdc1bc4fd60edd77257a21a71ee85e0789f7aa36,available,50,180,chicago_center,scripts/203_build_formal_rainfall_assets.py,2026-07-21T19:03:29.530120+00:00
T50_D180_chicago_late,E:\RTC_sewer\Project6\data\rainfall_library\T50_D180_chicago_late.csv,4fc0022fac386ef0f4ad78bf8594953042e05f5997c30cdff49fd68d4c02acff,available,50,180,chicago_late,scripts/203_build_formal_rainfall_assets.py,2026-07-21T19:03:29.530120+00:00
T50_D300_chicago_early,E:\RTC_sewer\Project6\data\rainfall_library\T50_D300_chicago_early.csv,81bcf420a5b58248c658eaa53078275628ad814731dcd36276ae482d316c99a2,available,50,300,chicago_early,scripts/203_build_formal_rainfall_assets.py,2026-07-21T19:03:29.530120+00:00
T50_D300_chicago_center,E:\RTC_sewer\Project6\data\rainfall_library\T50_D300_chicago_center.csv,08c67508d4d326bb0fd2c25d77c0dbf9b2979a60fb25bf1fee25e5e2bb36cdea,available,50,300,chicago_center,scripts/203_build_formal_rainfall_assets.py,2026-07-21T19:03:29.530120+00:00
T50_D300_chicago_late,E:\RTC_sewer\Project6\data\rainfall_library\T50_D300_chicago_late.csv,0c8b7a93802950315f5db3ef72bb3322d576fc39219e3ab628407dda7da20b2f,available,50,300,chicago_late,scripts/203_build_formal_rainfall_assets.py,2026-07-21T19:03:29.530120+00:00
